{"accuracy": [0.053158245980739594, 0.121349036693573, 0.17350886762142181, 0.222746804356575, 0.26466307044029236, 0.303206205368042, 0.3352793753147125, 0.3632066547870636, 0.3898026943206787, 0.4114348888397217, 0.4324353337287903, 0.45030516386032104, 0.4683667719364166, 0.48191016912460327, 0.4962771236896515, 0.5077165365219116, 0.5186651945114136, 0.5292189717292786, 0.5394005179405212, 0.5464739799499512, 0.5564749836921692, 0.5638417601585388, 0.571479320526123, 0.5798332691192627, 0.5844247937202454], "loss": [4.639718055725098, 3.9990570545196533, 3.6890618801116943, 3.418083429336548, 3.1889824867248535, 2.988279342651367, 2.816499710083008, 2.667250871658325, 2.5310206413269043, 2.4098448753356934, 2.303595542907715, 2.209529161453247, 2.126772880554199, 2.0474696159362793, 1.9834696054458618, 1.9260200262069702, 1.8676044940948486, 1.8191113471984863, 1.7718045711517334, 1.736106038093567, 1.6971888542175293, 1.661942958831787, 1.6290709972381592, 1.588335633277893, 1.5663944482803345], "val_accuracy": [0.08827859163284302, 0.13777348399162292, 0.17386668920516968, 0.2019391804933548, 0.22041727602481842, 0.23569723963737488, 0.25026652216911316, 0.25808417797088623, 0.2675262689590454, 0.26904919743537903, 0.2748870551586151, 0.2639220356941223, 0.28300929069519043, 0.2669171094894409, 0.26981064677238464, 0.27930352091789246, 0.27965885400772095, 0.27854207158088684, 0.2780851721763611, 0.28042033314704895, 0.27356719970703125, 0.2849890887737274, 0.28778111934661865, 0.2871719300746918, 0.28204476833343506], "val_loss": [4.197932720184326, 3.892340660095215, 3.7253730297088623, 3.630622625350952, 3.612640142440796, 3.5672619342803955, 3.571773052215576, 3.642019033432007, 3.694068431854248, 3.7558014392852783, 3.8428473472595215, 4.095758438110352, 4.115914344787598, 4.240052223205566, 4.344371795654297, 4.44873571395874, 4.620238780975342, 4.709177494049072, 4.769816875457764, 4.98905611038208, 5.171123027801514, 5.176827430725098, 5.364073753356934, 5.347194194793701, 5.529341697692871]}